date,open,close
2022-01-01,46230.0,47777.42
2022-01-02,47745.25,47350.22
2022-01-03,47290.55,46439.89
2022-01-04,46464.01,45820.0
2022-01-05,45828.77,43435.8
2022-01-06,43417.31,43097.6
2022-01-07,43093.4,41535.66
2022-01-08,41576.73,41690.77
2022-01-09,41697.32,41875.81
2022-01-10,41853.98,41845.42
2022-01-11,41842.22,42736.0
2022-01-12,42754.44,43933.5
2022-01-13,43935.01,42571.94
2022-01-14,42579.44,43102.35
2022-01-15,43085.76,43102.01
2022-01-16,43084.77,43107.7
2022-01-17,43099.08,42255.07
2022-01-18,42230.09,42377.4
2022-01-19,42378.23,41683.21
2022-01-20,41733.21,40736.05
2022-01-21,40654.72,36495.46
2022-01-22,36447.37,35091.11
2022-01-23,35084.79,36293.62
2022-01-24,36262.21,36724.99
2022-01-25,36721.59,36975.91
2022-01-26,37006.76,36829.32
2022-01-27,36824.02,37208.36
2022-01-28,37179.62,37748.36
2022-01-29,37713.14,38192.65
2022-01-30,38176.45,37941.82
2022-01-31,37914.1,38491.92
2022-02-01,38483.56,38733.04
2022-02-02,38768.08,36923.5
2022-02-03,36924.5,37320.11
2022-02-04,37330.75,41579.57
2022-02-05,41608.82,41427.72
2022-02-06,41422.7,42420.24
2022-02-07,42420.24,43869.04
2022-02-08,43895.6,44091.56
2022-02-09,44106.95,44426.84
2022-02-10,44426.24,43524.6
2022-02-11,43540.15,42406.19
2022-02-12,42392.22,42241.11
2022-02-13,42232.68,42077.74
2022-02-14,42078.53,42540.3
2022-02-15,42567.27,44582.48
2022-02-16,44590.75,43901.48
2022-02-17,43901.49,40556.11
2022-02-18,40532.66,39996.99
2022-02-19,40008.75,40109.02
2022-02-20,40108.62,38373.9
2022-02-21,38384.09,37076.6
2022-02-22,37036.98,38269.94
2022-02-23,38269.94,37274.18
2022-02-24,37253.26,38376.88
2022-02-25,38360.93,39231.64
2022-02-26,39242.64,39146.66
2022-02-27,39146.66,37712.68
2022-02-28,37717.1,43178.98
2022-03-01,43221.71,44443.96
2022-03-02,44443.98,43936.72
2022-03-03,43936.73,42476.26
2022-03-04,42476.25,39175.56
2022-03-05,39170.19,39416.79
2022-03-06,39390.31,38438.89
2022-03-07,38404.97,38016.47
2022-03-08,38002.23,38753.65
2022-03-09,38761.13,41960.02
2022-03-10,41952.13,39444.45
2022-03-11,39433.48,38729.79
2022-03-12,38729.79,38822.02
2022-03-13,38798.68,37790.54
2022-03-14,37763.37,39665.71
2022-03-15,39688.55,39302.7
2022-03-16,39302.8,41142.76
2022-03-17,41142.76,40963.22
2022-03-18,40963.22,41794.37
2022-03-19,41781.96,42235.31
2022-03-20,42240.43,41242.14
2022-03-21,41293.19,41043.14
2022-03-22,41018.36,42393.41
2022-03-23,42393.62,42925.41
2022-03-24,42912.21,44025.99
2022-03-25,44025.99,44320.6
2022-03-26,44340.49,44535.65
2022-03-27,44553.24,46864.39
2022-03-28,46854.96,47152.38
2022-03-29,47152.38,47459.03
2022-03-30,47459.03,47068.08
2022-03-31,47086.07,45517.27
2022-04-01,45522.53,46307.81
2022-04-02,46306.38,45820.28
2022-04-03,45820.28,46401.57
2022-04-04,46414.88,46598.2
2022-04-05,46514.43,45502.73
2022-04-06,45512.95,43191.59
2022-04-07,43172.83,43454.53
2022-04-08,43467.82,42290.11
2022-04-09,42258.22,42767.89
2022-04-10,42774.85,42133.85
2022-04-11,42159.45,39524.86
2022-04-12,39545.37,40097.46
2022-04-13,40099.51,41147.74
2022-04-14,41159.29,39961.53
2022-04-15,39962.6,40563.18
2022-04-16,40576.41,40395.67
2022-04-17,40379.81,39691.27
2022-04-18,39660.62,40814.6
2022-04-19,40814.6,41505.77
2022-04-20,41476.89,41375.85
2022-04-21,41378.77,40470.76
2022-04-22,40497.0,39726.03
2022-04-23,39700.55,39421.59
2022-04-24,39438.51,39467.4
2022-04-25,39464.67,40441.11
2022-04-26,40452.52,38137.67
2022-04-27,38105.68,39256.05
2022-04-28,39254.4,39754.2
2022-04-29,39753.28,38593.42
2022-04-30,38599.3,37639.8
2022-05-01,37638.78,38488.34
2022-05-02,38484.46,38521.01
2022-05-03,38506.38,37729.95
2022-05-04,37735.35,39685.23
2022-05-05,39685.23,36533.93
2022-05-06,36542.41,36019.22
2022-05-07,36019.15,35463.46
2022-05-08,35465.46,34025.5
2022-05-09,34051.2,30082.0
2022-05-10,30066.48,30999.97
2022-05-11,31002.27,29000.0
2022-05-12,28999.99,28896.19
2022-05-13,28932.69,29238.81
2022-05-14,29239.41,30033.96
2022-05-15,30041.16,31295.03
2022-05-16,31275.27,29832.45
2022-05-17,29847.53,30425.36
2022-05-18,30423.9,28681.26
2022-05-19,28681.15,30290.33
2022-05-20,30271.22,29176.7
2022-05-21,29176.7,29421.05
2022-05-22,29400.34,30264.66
2022-05-23,30264.66,29081.76
2022-05-24,29081.76,29632.15
2022-05-25,29626.53,29510.15
2022-05-26,29511.95,29183.06
2022-05-27,29183.39,28589.48
2022-05-28,28606.08,29010.82
2022-05-29,29010.82,29448.94
2022-05-30,29454.69,31731.22
2022-05-31,31677.13,31762.76
2022-06-01,31777.06,29787.4
2022-06-02,29791.96,30437.18
2022-06-03,30437.77,29669.39
2022-06-04,29688.17,29853.51
2022-06-05,29834.06,29888.98
2022-06-06,29905.46,31351.21
2022-06-07,31351.1,31115.82
2022-06-08,31108.3,30185.58
2022-06-09,30190.31,30089.03
2022-06-10,30068.53,29065.66
2022-06-11,29065.66,28390.94
2022-06-12,28397.38,26585.1
2022-06-13,26538.63,22450.43
2022-06-14,22407.53,22097.3
2022-06-15,22077.83,22555.27
2022-06-16,22563.82,20382.88
2022-06-17,20387.66,20440.7
2022-06-18,20428.19,18956.8
2022-06-19,18952.14,20552.82
2022-06-20,20557.2,20555.44
2022-06-21,20555.44,20712.29
2022-06-22,20710.01,19963.68
2022-06-23,19977.24,21093.42
2022-06-24,21102.75,21215.42
2022-06-25,21229.66,21486.8
2022-06-26,21486.67,21028.69
2022-06-27,21029.19,20699.72
2022-06-28,20722.27,20261.34
2022-06-29,20253.88,20093.18
2022-06-30,20098.0,19924.89
2022-07-01,19960.61,19239.47
2022-07-02,19263.41,19228.25
2022-07-03,19232.76,19294.46
2022-07-04,19296.88,20209.53
2022-07-05,20209.02,20168.63
2022-07-06,20164.65,20547.45
2022-07-07,20546.29,21643.56
2022-07-08,21620.85,21584.14
2022-07-09,21592.69,21588.35
2022-07-10,21581.98,20856.08
2022-07-11,20851.14,19949.71
2022-07-12,19948.55,19321.14
2022-07-13,19337.91,20232.35
2022-07-14,20225.24,20577.23
2022-07-15,20569.17,20835.39
2022-07-16,20823.7,21195.49
2022-07-17,21198.34,20801.85
2022-07-18,20786.76,22435.04
2022-07-19,22439.63,23405.02
2022-07-20,23392.04,23208.53
2022-07-21,23217.0,23163.34
2022-07-22,23166.09,22682.26
2022-07-23,22696.19,22468.69
2022-07-24,22468.7,22595.81
2022-07-25,22589.47,21306.56
2022-07-26,21314.26,21259.78
2022-07-27,21266.14,22969.04
2022-07-28,22972.22,23853.11
2022-07-29,23856.91,23785.31
2022-07-30,23777.85,23644.58
2022-07-31,23652.53,23322.53
2022-08-01,23287.38,23282.92
2022-08-02,23291.67,23001.52
2022-08-03,22997.07,22835.88
2022-08-04,22830.37,22615.24
2022-08-05,22630.14,23326.4
2022-08-06,23326.5,22956.61
2022-08-07,22946.0,23187.62
2022-08-08,23177.72,23821.68
2022-08-09,23811.29,23164.78
2022-08-10,23151.68,23964.0
2022-08-11,23961.0,23959.0
2022-08-12,23957.0,24407.0
2022-08-13,24421.0,24456.0
2022-08-14,24459.0,24320.0
2022-08-15,24324.0,24110.0
2022-08-16,24103.0,23867.0
2022-08-17,23866.0,23340.0
2022-08-18,23348.0,23201.0
2022-08-19,23192.0,20841.0
2022-08-20,20840.0,21146.0
2022-08-21,21150.0,21514.0
2022-08-22,21517.0,21411.0
2022-08-23,21404.0,21520.0
2022-08-24,21523.0,21372.0
2022-08-25,21364.0,21571.0
2022-08-26,21550.0,20250.0
2022-08-27,20242.0,20045.0
2022-08-28,20044.0,19557.0
2022-08-29,19571.0,20302.0
2022-08-30,20300.0,19819.0
2022-08-31,19836.0,20059.0
2022-09-01,20049.0,20128.0
2022-09-02,20133.0,19959.0
2022-09-03,19950.0,19840.0
2022-09-04,19840.0,20007.0
2022-09-05,20014.0,19794.0
2022-09-06,19799.0,18789.0
2022-09-07,18808.0,19276.0
2022-09-08,19301.0,19322.0
2022-09-09,19327.0,21371.0
2022-09-10,21371.0,21672.0
2022-09-11,21663.0,21835.0
2022-09-12,21836.0,22401.0
2022-09-13,22396.0,20177.0
2022-09-14,20175.0,20233.0
2022-09-15,20226.0,19691.0
2022-09-16,19704.0,19802.0
2022-09-17,19802.0,20114.0
2022-09-18,20116.0,19419.0
2022-09-19,19418.0,19538.0
2022-09-20,19535.0,18878.0
2022-09-21,18877.0,18466.0
2022-09-22,18458.0,19403.0
2022-09-23,19411.0,19294.0
2022-09-24,19291.0,18921.0
2022-09-25,18919.0,18810.0
2022-09-26,18809.0,19226.0
2022-09-27,19233.0,19075.0
2022-09-28,19085.0,19413.0
2022-09-29,19413.0,19592.0
2022-09-30,19593.0,19425.0
2022-10-01,19419.0,19312.0
2022-10-02,19306.0,19051.0
2022-10-03,19060.0,19636.0
2022-10-04,19633.0,20343.0
2022-10-05,20343.0,20162.0
2022-10-06,20161.0,19951.0
2022-10-07,19960.0,19532.0
2022-10-08,19533.0,19420.0
2022-10-09,19421.0,19445.0
2022-10-10,19436.0,19131.0
2022-10-11,19131.0,19059.0
2022-10-12,19061.0,19157.0
2022-10-13,19156.0,19377.0
2022-10-14,19374.0,19181.0
2022-10-15,19184.0,19066.0
2022-10-16,19072.0,19264.0
2022-10-17,19262.0,19547.0
2022-10-18,19547.0,19334.0
2022-10-19,19329.0,19126.0
2022-10-20,19128.0,19043.0
2022-10-21,19043.0,19165.0
2022-10-22,19166.0,19206.0
2022-10-23,19208.0,19574.0
2022-10-24,19576.0,19332.0
2022-10-25,19332.0,20087.0
2022-10-26,20096.0,20775.0
2022-10-27,20771.0,20296.0
2022-10-28,20295.0,20599.0
2022-10-29,20596.0,20821.0
2022-10-30,20820.0,20628.0
2022-10-31,20631.0,20498.0
2022-11-01,20493.0,20480.0
2022-11-02,20480.0,20154.0
2022-11-03,20152.0,20209.0
2022-11-04,20209.0,21153.0
2022-11-05,21152.0,21301.0
2022-11-06,21299.0,20907.0
2022-11-07,20899.0,20590.0
2022-11-08,20591.0,18550.0
2022-11-09,18546.0,15877.0
2022-11-10,15900.0,17551.0
2022-11-11,17548.0,17007.0
2022-11-12,17020.0,16788.0
2022-11-13,16788.0,16310.0
2022-11-14,16300.0,16589.0
2022-11-15,16586.0,16874.0
2022-11-16,16875.0,16654.0
2022-11-17,16655.0,16686.0
2022-11-18,16687.0,16683.0
2022-11-19,16683.0,16690.0
2022-11-20,16687.0,16256.0
2022-11-21,16250.0,15766.0
2022-11-22,15757.0,16197.0
2022-11-23,16199.0,16603.0
2022-11-24,16594.0,16591.0
2022-11-25,16589.0,16508.0
2022-11-26,16511.0,16454.0
2022-11-27,16451.0,16424.0
2022-11-28,16420.0,16210.0
2022-11-29,16205.0,16434.0
2022-11-30,16437.0,17170.0
2022-12-01,17166.0,16977.0
2022-12-02,16976.0,17095.0
2022-12-03,17095.0,16886.0
2022-12-04,16893.0,17114.0
2022-12-05,17113.0,16968.0
2022-12-06,16968.0,17087.0
2022-12-07,17091.0,16836.0
2022-12-08,16838.0,17229.0
2022-12-09,17229.0,17128.0
2022-12-10,17129.0,17128.0
2022-12-11,17128.0,17091.0
2022-12-12,17089.0,17209.0
2022-12-13,17214.0,17772.0
2022-12-14,17771.0,17803.0
2022-12-15,17806.0,17362.0
2022-12-16,17361.0,16633.0
2022-12-17,16635.0,16781.0
2022-12-18,16780.0,16749.0
2022-12-19,16744.0,16446.0
2022-12-20,16441.0,16898.0
2022-12-21,16899.0,16824.0
2022-12-22,16823.0,16821.0
2022-12-23,16821.0,16779.0
2022-12-24,16779.0,16839.0
2022-12-25,16839.0,16828.0
2022-12-26,16828.0,16917.0
2022-12-27,16920.0,16700.0
2022-12-28,16699.0,16540.0
2022-12-29,16540.0,16628.0
2022-12-30,16628.0,16603.0
2022-12-31,16602.0,16528.0
2023-01-01,16530.0,16615.0
2023-01-02,16615.0,16673.0
2023-01-03,16668.0,16670.0
2023-01-04,16673.0,16849.0
2023-01-05,16847.0,16826.0
2023-01-06,16826.0,16950.0
2023-01-07,16951.0,16945.0
2023-01-08,16946.0,17119.0
2023-01-09,17124.0,17179.0
2023-01-10,17177.0,17446.0
2023-01-11,17448.0,17930.0
2023-01-12,17948.0,18853.0
2023-01-13,18852.0,19931.0
2023-01-14,19936.0,20960.0
2023-01-15,20961.0,20885.0
2023-01-16,20879.0,21189.0
2023-01-17,21186.0,21134.0
2023-01-18,21136.0,20670.0
2023-01-19,20678.0,21086.0
2023-01-20,21085.0,22678.0
2023-01-21,22670.0,22783.0
2023-01-22,22791.0,22717.0
2023-01-23,22708.0,22922.0
2023-01-24,22922.0,22637.0
2023-01-25,22636.0,23054.0
2023-01-26,23063.0,23010.0
2023-01-27,23011.0,23083.0
2023-01-28,23082.0,23033.0
2023-01-29,23031.0,23746.0
2023-01-30,23748.0,22831.0
2023-01-31,22831.0,23127.0
2023-02-01,23134.0,23735.0
2023-02-02,23736.0,23498.0
2023-02-03,23503.0,23434.0
2023-02-04,23421.0,23330.0
2023-02-05,23328.0,22937.0
2023-02-06,22942.0,22763.0
2023-02-07,22761.0,23252.0
2023-02-08,23246.0,22961.0
2023-02-09,22965.0,21802.0
2023-02-10,21803.0,21639.0
2023-02-11,21631.0,21868.0
2023-02-12,21868.0,21789.0
2023-02-13,21790.0,21790.0
2023-02-14,21790.0,22211.0
2023-02-15,22208.0,24332.0
2023-02-16,24332.0,23521.0
2023-02-17,23518.0,24580.0
2023-02-18,24577.0,24640.0
2023-02-19,24638.0,24296.0
2023-02-20,24271.0,24843.0
2023-02-21,24843.0,24450.0
2023-02-22,24450.0,24188.0
2023-02-23,24188.0,23939.0
2023-02-24,23939.0,23189.0
2023-02-25,23186.0,23161.0
2023-02-26,23166.0,23562.0
2023-02-27,23560.0,23493.0
2023-02-28,23497.0,23136.0
2023-03-01,23146.0,23634.0
2023-03-02,23632.0,23466.0
2023-03-03,23469.0,22359.0
2023-03-04,22359.0,22347.0
2023-03-05,22347.0,22428.0
2023-03-06,22427.0,22407.0
2023-03-07,22414.0,22200.0
2023-03-08,22197.0,21704.0
2023-03-09,21697.0,20367.0
2023-03-10,20368.0,20220.0
2023-03-11,20226.0,20618.0
2023-03-12,20615.0,22183.0
2023-03-13,22190.0,24209.0
2023-03-14,24210.0,24750.0
2023-03-15,24745.0,24368.0
2023-03-16,24361.0,25050.0
2023-03-17,25051.0,27466.0
2023-03-18,27466.0,26980.0
2023-03-19,26992.0,28054.0
2023-03-20,28081.0,27815.0
2023-03-21,27808.0,28192.0
2023-03-22,28184.0,27320.0
2023-03-23,27320.0,28343.0
2023-03-24,28352.0,27493.0
2023-03-25,27497.0,27499.0
2023-03-26,27493.0,28004.0
2023-03-27,27992.0,27142.0
2023-03-28,27142.0,27272.0
2023-03-29,27272.0,28353.0
2023-03-30,28353.0,28039.0
2023-03-31,28036.0,28476.0
2023-04-01,28476.0,28469.0
2023-04-02,28469.0,28186.0
2023-04-03,28179.0,27816.0
2023-04-04,27820.0,28178.0
2023-04-05,28179.0,28183.0
2023-04-06,28181.0,28051.0
2023-04-07,28054.0,27931.0
2023-04-08,27931.0,27969.0
2023-04-09,27968.0,28340.0
2023-04-10,28353.0,29652.0
2023-04-11,29657.0,30246.0
2023-04-12,30255.0,29903.0
2023-04-13,29914.0,30410.0
2023-04-14,30411.0,30498.0
2023-04-15,30498.0,30332.0
2023-04-16,30327.0,30330.0
2023-04-17,30328.0,29448.0
2023-04-18,29452.0,30395.0
2023-04-19,30388.0,28827.0
2023-04-20,28814.0,28238.0
2023-04-21,28240.0,27254.0
2023-04-22,27253.0,27817.0
2023-04-23,27820.0,27596.0
2023-04-24,27594.0,27512.0
2023-04-25,27515.0,28300.0
2023-04-26,28306.0,28428.0
2023-04-27,28427.0,29485.0
2023-04-28,29486.0,29333.0
2023-04-29,29339.0,29247.0
2023-04-30,29252.0,29235.0
2023-05-01,29254.0,28079.0
2023-05-02,28079.0,28680.0
2023-05-03,28682.0,29033.0
2023-05-04,29043.0,28851.0
2023-05-05,28860.0,29547.0
2023-05-06,29537.0,28911.0
2023-05-07,28909.0,28472.0
2023-05-08,28485.0,27690.0
2023-05-09,27688.0,27650.0
2023-05-10,27648.0,27618.0
2023-05-11,27624.0,26991.0
2023-05-12,26987.0,26811.0
2023-05-13,26816.0,26789.0
2023-05-14,26805.0,26933.0
2023-05-15,26933.0,27166.0
2023-05-16,27166.0,27037.0
2023-05-17,27037.0,27404.0
2023-05-18,27413.0,26818.0
2023-05-19,26824.0,26893.0
2023-05-20,26889.0,27115.0
2023-05-21,27123.0,26750.0
2023-05-22,26753.0,26856.0
2023-05-23,26854.0,27226.0
2023-05-24,27225.0,26325.0
2023-05-25,26325.0,26478.0
2023-05-26,26486.0,26718.0
2023-05-27,26716.0,26872.0
2023-05-28,26875.0,28072.0
2023-05-29,28071.0,27749.0
2023-05-30,27748.0,27706.0
2023-05-31,27701.0,27219.0
2023-06-01,27220.0,26826.0
2023-06-02,26821.0,27251.0
2023-06-03,27250.0,27076.0
2023-06-04,27072.0,27125.0
2023-06-05,27114.0,25739.0
2023-06-06,25730.0,27236.0
2023-06-07,27252.0,26348.0
2023-06-08,26347.0,26510.0
2023-06-09,26507.0,26484.0
2023-06-10,26486.0,25857.0
2023-06-11,25857.0,25941.0
2023-06-12,25940.0,25906.0
2023-06-13,25906.0,25934.0
2023-06-14,25935.0,25127.0
2023-06-15,25125.0,25573.0
2023-06-16,25567.0,26333.0
2023-06-17,26333.0,26507.0
2023-06-18,26513.0,26340.0
2023-06-19,26336.0,26842.0
2023-06-20,26840.0,28315.0
2023-06-21,28316.0,30009.0
2023-06-22,30010.0,29889.0
2023-06-23,29891.0,30716.0
2023-06-24,30703.0,30548.0
2023-06-25,30550.0,30477.0
2023-06-26,30480.0,30274.0
2023-06-27,30278.0,30696.0
2023-06-28,30697.0,30079.0
2023-06-29,30078.0,30444.0
2023-06-30,30445.0,30469.0
2023-07-01,30469.0,30592.0
2023-07-02,30590.0,30616.0
2023-07-03,30616.0,31158.0
2023-07-04,31165.0,30771.0
2023-07-05,30767.0,30501.0
2023-07-06,30498.0,29912.0
2023-07-07,29901.0,30348.0
2023-07-08,30348.0,30293.0
2023-07-09,30293.0,30167.0
2023-07-10,30170.0,30421.0
2023-07-11,30417.0,30621.0
2023-07-12,30631.0,30382.0
2023-07-13,30383.0,31471.0
2023-07-14,31474.0,30331.0
2023-07-15,30328.0,30301.0
2023-07-16,30300.0,30253.0
2023-07-17,30247.0,30154.0
2023-07-18,30144.0,29868.0
2023-07-19,29862.0,29919.0
2023-07-20,29917.0,29806.0
2023-07-21,29806.0,29908.0
2023-07-22,29908.0,29789.0
2023-07-23,29790.0,30085.0
2023-07-24,30085.0,29177.0
2023-07-25,29176.0,29224.0
2023-07-26,29224.0,29354.0
2023-07-27,29353.0,29219.0
2023-07-28,29214.0,29317.0
2023-07-29,29316.0,29360.0
2023-07-30,29360.0,29279.0
2023-07-31,29279.0,29231.0
2023-08-01,29221.0,29696.0
2023-08-02,29697.0,29164.0
2023-08-03,29157.0,29176.0
2023-08-04,29175.0,29077.0
2023-08-05,29075.0,29049.0
2023-08-06,29049.0,29042.0
2023-08-07,29041.0,29181.0
2023-08-08,29186.0,29764.0
2023-08-09,29776.0,29565.0
2023-08-10,29565.0,29423.0
2023-08-11,29424.0,29398.0
2023-08-12,29398.0,29415.0
2023-08-13,29415.0,29284.0
2023-08-14,29280.0,29408.0
2023-08-15,29408.0,29172.0
2023-08-16,29171.0,28701.0
2023-08-17,28692.0,26642.0
2023-08-18,26632.0,26051.0
2023-08-19,26051.0,26097.0
2023-08-20,26097.0,26192.0
2023-08-21,26193.0,26125.0
2023-08-22,26125.0,26042.0
2023-08-23,26048.0,26431.0
2023-08-24,26429.0,26168.0
2023-08-25,26169.0,26048.0
2023-08-26,26050.0,26008.0
2023-08-27,26007.0,26090.0
2023-08-28,26087.0,26103.0
2023-08-29,26103.0,27726.0
2023-08-30,27722.0,27300.0
2023-08-31,27302.0,25932.0
2023-09-01,25927.0,25798.0
2023-09-02,25801.0,25870.0
2023-09-03,25870.0,25970.0
2023-09-04,25972.0,25819.0
2023-09-05,25827.0,25783.0
2023-09-06,25779.0,25748.0
2023-09-07,25750.0,26245.0
2023-09-08,26256.0,25908.0
2023-09-09,25908.0,25899.0
2023-09-10,25899.0,25836.0
2023-09-11,25839.0,25155.0
2023-09-12,25157.0,25844.0
2023-09-13,25842.0,26226.0
2023-09-14,26229.0,26529.0
2023-09-15,26529.0,26607.0
2023-09-16,26609.0,26571.0
2023-09-17,26571.0,26535.0
2023-09-18,26533.0,26770.0
2023-09-19,26766.0,27214.0
2023-09-20,27220.0,27128.0
2023-09-21,27124.0,26563.0
2023-09-22,26568.0,26581.0
2023-09-23,26577.0,26583.0
2023-09-24,26582.0,26248.0
2023-09-25,26215.0,26297.0
2023-09-26,26298.0,26208.0
2023-09-27,26203.0,26361.0
2023-09-28,26361.0,27026.0
2023-09-29,27029.0,26911.0
2023-09-30,26910.0,26966.0
2023-10-01,26965.0,27995.0
2023-10-02,27995.0,27507.0
2023-10-03,27509.0,27435.0
2023-10-04,27431.0,27790.0
2023-10-05,27787.0,27417.0
2023-10-06,27420.0,27948.0
2023-10-07,27945.0,27971.0
2023-10-08,27976.0,27933.0
2023-10-09,27930.0,27594.0
2023-10-10,27598.0,27395.0
2023-10-11,27394.0,26874.0
2023-10-12,26870.0,26756.0
2023-10-13,26744.0,26867.0
2023-10-14,26867.0,26855.0
2023-10-15,26858.0,27174.0
2023-10-16,27161.0,28518.0
2023-10-17,28520.0,28408.0
2023-10-18,28408.0,28328.0
2023-10-19,28327.0,28733.0
2023-10-20,28734.0,29688.0
2023-10-21,29682.0,29927.0
2023-10-22,29921.0,30002.0
2023-10-23,30007.0,33074.0
2023-10-24,33090.0,33917.0
2023-10-25,33928.0,34498.0
2023-10-26,34494.0,34165.0
2023-10-27,34148.0,33906.0
2023-10-28,33902.0,34091.0
2023-10-29,34090.0,34538.0
2023-10-30,34549.0,34495.0
2023-10-31,34489.0,34661.0
2023-11-01,34667.0,35440.0
2023-11-02,35440.0,34937.0
2023-11-03,34947.0,34727.0
2023-11-04,34734.0,35086.0
2023-11-05,35086.0,35045.0
2023-11-06,35043.0,35042.0
2023-11-07,35061.0,35414.0
2023-11-08,35417.0,35640.0
2023-11-09,35633.0,36693.0
2023-11-10,36700.0,37319.0
2023-11-11,37350.0,37152.0
2023-11-12,37136.0,37086.0
2023-11-13,37085.0,36485.0
2023-11-14,36474.0,35564.0
2023-11-15,35558.0,37877.0
2023-11-16,37886.0,36165.0
2023-11-17,36167.0,36625.0
2023-11-18,36626.0,36590.0
2023-11-19,36591.0,37426.0
2023-11-20,37426.0,37480.0
2023-11-21,37473.0,35758.0
2023-11-22,35762.0,37424.0
2023-11-23,37432.0,37301.0
2023-11-24,37312.0,37746.0
2023-11-25,37750.0,37809.0
2023-11-26,37811.0,37460.0
2023-11-27,37467.0,37240.0
2023-11-28,37256.0,37839.0
2023-11-29,37842.0,37863.0
2023-11-30,37864.0,37719.0
2023-12-01,37731.0,38707.0
2023-12-02,38707.0,39474.0
2023-12-03,39474.0,39989.0
2023-12-04,39988.0,41985.0
2023-12-05,41979.0,44075.0
2023-12-06,44087.0,43764.0
2023-12-07,43764.0,43291.0
2023-12-08,43296.0,44193.0
2023-12-09,44210.0,43712.0
2023-12-10,43710.0,43786.0
2023-12-11,43786.0,41242.0
2023-12-12,41232.0,41458.0
2023-12-13,41483.0,42888.0
2023-12-14,42899.0,43031.0
2023-12-15,43047.0,41925.0
2023-12-16,41926.0,42246.0
2023-12-17,42228.0,41345.0
2023-12-18,41337.0,42650.0
2023-12-19,42664.0,42258.0
2023-12-20,42257.0,43665.0
2023-12-21,43667.0,43873.0
2023-12-22,43871.0,44002.0
2023-12-23,44011.0,43733.0
2023-12-24,43730.0,43033.0
2023-12-25,43015.0,43591.0
2023-12-26,43587.0,42510.0
2023-12-27,42511.0,43473.0
2023-12-28,43468.0,42583.0
2023-12-29,42587.0,42072.0
2023-12-30,42069.0,42148.0
2023-12-31,42148.0,42258.0
2024-01-01,42258.0,44187.0
2024-01-02,44187.0,44970.0
2024-01-03,44972.0,42865.0
2024-01-04,42863.0,44186.0
2024-01-05,44195.0,44184.0
2024-01-06,44189.0,43999.0
2024-01-07,43988.0,43944.0
2024-01-08,43936.0,46995.0
2024-01-09,47012.0,46124.0
2024-01-10,46103.0,46681.0
2024-01-11,46678.0,46360.0
2024-01-12,46343.0,42778.0
2024-01-13,42772.0,42843.0
2024-01-14,42834.0,41715.0
2024-01-15,41701.0,42493.0
2024-01-16,42483.0,43131.0
2024-01-17,43128.0,42738.0
2024-01-18,42738.0,41283.0
2024-01-19,41250.0,41628.0
2024-01-20,41622.0,41673.0
2024-01-21,41658.0,41560.0
2024-01-22,41555.0,39528.0
2024-01-23,39515.0,39868.0
2024-01-24,39849.0,40074.0
2024-01-25,40074.0,39916.0
2024-01-26,39929.0,41818.0
2024-01-27,41817.0,42124.0
2024-01-28,42126.0,42026.0
2024-01-29,42027.0,43305.0
2024-01-30,43302.0,42946.0
2024-01-31,42945.0,42558.0
2024-02-01,42548.0,43071.0
2024-02-02,43075.0,43183.0
2024-02-03,43183.0,42994.0
2024-02-04,42991.0,42570.0
2024-02-05,42568.0,42659.0
2024-02-06,42657.0,43092.0
2024-02-07,43093.0,44346.0
2024-02-08,44342.0,45300.0
2024-02-09,45299.0,47161.0
2024-02-10,47156.0,47770.0
2024-02-11,47770.0,48313.0
2024-02-12,48313.0,49937.0
2024-02-13,49937.0,49720.0
2024-02-14,49728.0,51844.0
2024-02-15,51841.0,51942.0
2024-02-16,51935.0,52161.0
2024-02-17,52163.0,51664.0
2024-02-18,51661.0,52130.0
2024-02-19,52155.0,51789.0
2024-02-20,51776.0,52275.0
2024-02-21,52272.0,51843.0
2024-02-22,51857.0,51253.0
2024-02-23,51252.0,50743.0
2024-02-24,50738.0,51562.0
2024-02-25,51564.0,51722.0
2024-02-26,51738.0,54524.0
2024-02-27,54534.0,57068.0
2024-02-28,57065.0,62512.0
2024-02-29,62512.0,61161.0
2024-03-01,61161.0,62444.0
2024-03-02,62433.0,62042.0
2024-03-03,62034.0,63142.0
2024-03-04,63140.0,68359.0
2024-03-05,68359.0,63796.0
2024-03-06,63815.0,66120.0
2024-03-07,66124.0,66941.0
2024-03-08,66928.0,68285.0
2024-03-09,68285.0,68463.0
2024-03-10,68464.0,69026.0
2024-03-11,69013.0,72118.0
2024-03-12,72105.0,71473.0
2024-03-13,71473.0,73121.0
2024-03-14,73130.0,71371.0
2024-03-15,71387.0,69516.0
2024-03-16,69505.0,65248.0
2024-03-17,65245.0,68352.0
2024-03-18,68344.0,67613.0
2024-03-19,67603.0,61897.0
2024-03-20,61919.0,67872.0
2024-03-21,67842.0,65485.0
2024-03-22,65477.0,63807.0
2024-03-23,63812.0,64001.0
2024-03-24,64007.0,67188.0
2024-03-25,67208.0,69898.0
2024-03-26,69889.0,69997.0
2024-03-27,69999.0,69421.0
2024-03-28,69406.0,70803.0
2024-03-29,70769.0,69903.0
2024-03-30,69934.0,69613.0
2024-03-31,69616.0,71285.0
2024-04-01,71296.0,69699.0
2024-04-02,69694.0,65469.0
2024-04-03,65471.0,65988.0
2024-04-04,65984.0,68538.0
2024-04-05,68522.0,67857.0
2024-04-06,67851.0,68917.0
2024-04-07,68907.0,69358.0
2024-04-08,69336.0,71613.0
2024-04-09,71623.0,69135.0
2024-04-10,69100.0,70630.0
2024-04-11,70638.0,70015.0
2024-04-12,70019.0,67150.0
2024-04-13,67146.0,64054.0
2024-04-14,64039.0,65749.0
2024-04-15,65748.0,63438.0
2024-04-16,63467.0,63830.0
2024-04-17,63821.0,61278.0
2024-04-18,61256.0,63515.0
2024-04-19,63512.0,63821.0
2024-04-20,63847.0,64990.0
2024-04-21,64978.0,64950.0
2024-04-22,64951.0,66855.0
2024-04-23,66845.0,66421.0
2024-04-24,66413.0,64259.0
2024-04-25,64254.0,64493.0
2024-04-26,64488.0,63745.0
2024-04-27,63746.0,63429.0
2024-04-28,63417.0,63098.0
2024-04-29,63106.0,63832.0
2024-04-30,63849.0,60632.0
2024-05-01,60611.0,58256.0
2024-05-02,58272.0,59099.0
2024-05-03,59076.0,62915.0
2024-05-04,62907.0,63899.0
2024-05-05,63901.0,64021.0
2024-05-06,64024.0,63164.0
2024-05-07,63159.0,62320.0
2024-05-08,62310.0,61181.0
2024-05-09,61143.0,63075.0
2024-05-10,63072.0,60793.0
2024-05-11,60799.0,60816.0
2024-05-12,60813.0,61462.0
2024-05-13,61446.0,62934.0
2024-05-14,62917.0,61543.0
2024-05-15,61552.0,66242.0
2024-05-16,66234.0,65252.0
2024-05-17,65252.0,67053.0
2024-05-18,67059.0,66930.0
2024-05-19,66923.0,66275.0
2024-05-20,66255.0,71401.0
2024-05-21,71435.0,70136.0
2024-05-22,70155.0,69118.0
2024-05-23,69151.0,67945.0
2024-05-24,67915.0,68548.0
2024-05-25,68549.0,69275.0
2024-05-26,69288.0,68489.0
2024-05-27,68471.0,69392.0
2024-05-28,69363.0,68327.0
2024-05-29,68347.0,67564.0
2024-05-30,67566.0,68338.0
2024-05-31,68330.0,67477.0
2024-06-01,67513.0,67723.0
2024-06-02,67722.0,67752.0
2024-06-03,67744.0,68801.0
2024-06-04,68798.0,70564.0
2024-06-05,70546.0,71119.0
2024-06-06,71109.0,70775.0
2024-06-07,70771.0,69326.0
2024-06-08,69321.0,69306.0
2024-06-09,69306.0,69640.0
2024-06-10,69649.0,69501.0
2024-06-11,69506.0,67306.0
2024-06-12,67306.0,68243.0
2024-06-13,68240.0,66733.0
2024-06-14,66765.0,65996.0
2024-06-15,65995.0,66182.0
2024-06-16,66181.0,66622.0
2024-06-17,66622.0,66475.0
2024-06-18,66475.0,65145.0
2024-06-19,65141.0,64946.0
2024-06-20,64947.0,64845.0
2024-06-21,64841.0,64102.0
2024-06-22,64116.0,64233.0
2024-06-23,64245.0,63154.0
2024-06-24,63152.0,60252.0
2024-06-25,60250.0,61789.0
2024-06-26,61798.0,60807.0
2024-06-27,60820.0,61622.0
2024-06-28,61609.0,60315.0
2024-06-29,60312.0,60879.0
2024-06-30,60882.0,62676.0
2024-07-01,62676.0,62829.0
2024-07-02,62822.0,62033.0
2024-07-03,62046.0,60142.0
2024-07-04,60165.0,57045.0
2024-07-05,57030.0,56632.0
2024-07-06,56632.0,58251.0
2024-07-07,58253.0,55829.0
2024-07-08,55852.0,56710.0
2024-07-09,56697.0,58033.0
2024-07-10,58028.0,57733.0
2024-07-11,57700.0,57348.0
2024-07-12,57345.0,57889.0
2024-07-13,57907.0,59226.0
2024-07-14,59257.0,60823.0
2024-07-15,60827.0,64769.0
2024-07-16,64759.0,65081.0
2024-07-17,65081.0,64091.0
2024-07-18,64104.0,63964.0
2024-07-19,63977.0,66705.0
2024-07-20,66705.0,67155.0
2024-07-21,67164.0,68158.0
2024-07-22,68170.0,67562.0
2024-07-23,67561.0,65944.0
2024-07-24,65943.0,65376.0
2024-07-25,65363.0,65796.0
2024-07-26,65794.0,67921.0
2024-07-27,67952.0,67892.0
2024-07-28,67837.0,68264.0
2024-07-29,68240.0,66780.0
2024-07-30,66765.0,66171.0
2024-07-31,66170.0,64612.0
2024-08-01,64612.0,65293.0
2024-08-02,65293.0,61421.0
2024-08-03,61419.0,60672.0
2024-08-04,60669.0,58142.0
2024-08-05,58137.0,54014.0
2024-08-06,54040.0,56053.0
2024-08-07,56048.0,55136.0
2024-08-08,55132.0,61699.0
2024-08-09,61733.0,60860.0
2024-08-10,60842.0,60952.0
2024-08-11,60940.0,58725.0
2024-08-12,58718.0,59362.0
2024-08-13,59361.0,60620.0
2024-08-14,60607.0,58697.0
2024-08-15,58694.0,57557.0
2024-08-16,57556.0,58883.0
2024-08-17,58883.0,59487.0
2024-08-18,59487.0,58430.0
2024-08-19,58440.0,59497.0
2024-08-20,59462.0,59012.0
2024-08-21,59012.0,61159.0
2024-08-22,61169.0,60383.0
2024-08-23,60383.0,64085.0
2024-08-24,64095.0,64174.0
2024-08-25,64176.0,64262.0
2024-08-26,64248.0,62852.0
2024-08-27,62822.0,59427.0
2024-08-28,59433.0,59033.0
2024-08-29,59033.0,59365.0
2024-08-30,59363.0,59113.0
2024-08-31,59113.0,58967.0
2024-09-01,58967.0,57310.0
2024-09-02,57278.0,59133.0
2024-09-03,59123.0,57493.0
2024-09-04,57506.0,57956.0
2024-09-05,57974.0,56158.0
2024-09-06,56179.0,53955.0
2024-09-07,53947.0,54147.0
2024-09-08,54150.0,54866.0
2024-09-09,54876.0,57059.0
2024-09-10,57056.0,57659.0
2024-09-11,57646.0,57342.0
2024-09-12,57342.0,58139.0
2024-09-13,58139.0,60545.0
2024-09-14,60551.0,60012.0
2024-09-15,60012.0,59130.0
2024-09-16,59121.0,58212.0
2024-09-17,58208.0,60316.0
2024-09-18,60318.0,61757.0
2024-09-19,61765.0,62940.0
2024-09-20,62950.0,63211.0
2024-09-21,63189.0,63364.0
2024-09-22,63364.0,63563.0
2024-09-23,63577.0,63325.0
2024-09-24,63360.0,64260.0
2024-09-25,64291.0,63147.0
2024-09-26,63121.0,65175.0
2024-09-27,65171.0,65781.0
2024-09-28,65809.0,65876.0
2024-09-29,65875.0,65601.0
2024-09-30,65605.0,63302.0
2024-10-01,63331.0,60807.0
2024-10-02,60760.0,60634.0
2024-10-03,60627.0,60745.0
2024-10-04,60747.0,62081.0
2024-10-05,62080.0,62063.0
2024-10-06,62057.0,62814.0
2024-10-07,62831.0,62212.0
2024-10-08,62211.0,62133.0
2024-10-09,62114.0,60582.0
2024-10-10,60589.0,60278.0
2024-10-11,60278.0,62452.0
2024-10-12,62511.0,63194.0
2024-10-13,63193.0,62849.0
2024-10-14,62850.0,66070.0
2024-10-15,66070.0,67061.0
2024-10-16,67061.0,67622.0
2024-10-17,67608.0,67392.0
2024-10-18,67392.0,68420.0
2024-10-19,68420.0,68359.0
2024-10-20,68367.0,69011.0
2024-10-21,69011.0,67340.0
2024-10-22,67345.0,67382.0
2024-10-23,67382.0,66601.0
2024-10-24,66602.0,68155.0
2024-10-25,68155.0,66578.0
2024-10-26,66576.0,67003.0
2024-10-27,67009.0,67938.0
2024-10-28,67937.0,69918.0
2024-10-29,69918.0,72729.0
2024-10-30,72727.0,72331.0
2024-10-31,72330.0,70231.0
2024-11-01,70202.0,69490.0
2024-11-02,69468.0,69330.0
2024-11-03,69339.0,68738.0
2024-11-04,68738.0,67818.0
2024-11-05,67817.0,69386.0
2024-11-06,69396.0,75637.0
2024-11-07,75638.0,75921.0
2024-11-08,75918.0,76561.0
2024-11-09,76560.0,76722.0
2024-11-10,76707.0,80425.0
2024-11-11,80426.0,88770.0
2024-11-12,88771.0,88031.0
2024-11-13,88038.0,90521.0
2024-11-14,90498.0,87333.0
2024-11-15,87298.0,91070.0
2024-11-16,91069.0,90608.0
2024-11-17,90643.0,89861.0
2024-11-18,89865.0,90512.0
2024-11-19,90514.0,92424.0
2024-11-20,92434.0,94373.0
2024-11-21,94374.0,98451.0
2024-11-22,98451.0,99013.0
2024-11-23,99010.0,97775.0
2024-11-24,97765.0,98007.0
2024-11-25,98021.0,93035.0
2024-11-26,93006.0,91928.0
2024-11-27,91929.0,95978.0
2024-11-28,95945.0,95661.0
2024-11-29,95670.0,97512.0
2024-11-30,97510.0,96441.0
2024-12-01,96471.0,97291.0
2024-12-02,97260.0,95859.0
2024-12-03,95858.0,95926.0
2024-12-04,95926.0,98773.0
2024-12-05,98751.0,97057.0
2024-12-06,96968.0,99898.0
2024-12-07,99898.0,99929.0
2024-12-08,99969.0,101204.0
2024-12-09,101188.0,97468.0
2024-12-10,97318.0,96648.0
2024-12-11,96658.0,101201.0
2024-12-12,101238.0,100068.0
2024-12-13,99998.0,101435.0
2024-12-14,101433.0,101382.0
2024-12-15,101408.0,104427.0
2024-12-16,104476.0,106073.0
2024-12-17,106109.0,106187.0
2024-12-18,106214.0,100153.0
2024-12-19,100133.0,97375.0
2024-12-20,97416.0,97760.0
2024-12-21,97745.0,97211.0
2024-12-22,97245.0,95098.0
2024-12-23,95100.0,94750.0
2024-12-24,94750.0,98596.0
2024-12-25,98637.0,99374.0
2024-12-26,99357.0,95687.0
2024-12-27,95666.0,94168.0
2024-12-28,94159.0,95139.0
2024-12-29,95119.0,93557.0
2024-12-30,93564.0,92628.0
2024-12-31,92637.0,93381.0
